file,status,quality_score,holdings,subtotals,fv_coverage,name_coverage,section_coverage,issues
01e69c24-b339-4564-8f3a-d429b5db8bb1,OK,100,271,38,100%,100%,100%,
8904b64e-d21b-4f11-a665-65dc8566e6ae,OK,100,268,73,100%,100%,100%,
a74af8a7-068c-450a-ba5d-e281735b7593,OK,100,227,46,100%,100%,100%,
e9af592f-a06a-4bae-8ce2-ebc2bf918ad6,OK,100,287,78,100%,100%,100%,
35d5886c-6653-416e-b7c6-56c901de7c61,OK,85,186,80,100%,100%,100%,"Arithmetic mismatch: holdings sum to $175,969,308, total row shows $194,252,023 (10.4% diff)"
54dab3ed-19ba-486f-a337-e36542705cd3,OK,85,290,37,100%,100%,100%,"Arithmetic mismatch: holdings sum to $1,044,404, total row shows $898,933 (13.9% diff)"
91d85897-c379-486e-9838-c26a616637de,OK,85,243,33,100%,100%,100%,"Arithmetic mismatch: holdings sum to $964,711, total row shows $880,029 (8.8% diff)"
94a1595f-78cb-4b88-b1df-2ca6b5437236,OK,85,285,54,100%,100%,100%,"Arithmetic mismatch: holdings sum to $273,530,580, total row shows $191,966,421 (29.8% diff)"
b3e0cb34-4f0c-46b9-80fa-02fc6f0872e4,OK,85,289,115,99%,100%,100%,"Arithmetic mismatch: holdings sum to $201,976,298, total row shows $186,237,429 (7.8% diff)"
dda3a4d2-e461-4fd6-b57d-85cbf4470f7c,OK,85,272,19,100%,100%,100%,"Arithmetic mismatch: holdings sum to $1,120,976, total row shows $927,037 (17.3% diff)"
eed6fd35-dde8-4e2c-a669-b903d2fceb6c,OK,85,297,5,100%,100%,100%,"Arithmetic mismatch: holdings sum to $1,225,066, total row shows $929,492 (24.1% diff)"
0000002230-03-000010,OK,80,10,1,0%,100%,100%,Only 0% of holdings have fair_value
0000002230-04-000040,OK,80,94,37,0%,100%,100%,Only 0% of holdings have fair_value
0000002230-06-000044,OK,80,85,25,0%,100%,100%,Only 0% of holdings have fair_value
0000002230-08-000057,OK,80,65,23,0%,100%,100%,Only 0% of holdings have fair_value
0000088053-05-001116,OK,80,36,6,0%,100%,100%,Only 0% of holdings have fair_value
0000088053-05-001117,OK,80,49,7,0%,100%,100%,Only 0% of holdings have fair_value
0000088053-17-001401,OK,80,1,39,0%,100%,100%,Only 0% of holdings have fair_value
0000216851-04-000018,OK,80,65,25,0%,100%,100%,Only 0% of holdings have fair_value
0000216851-06-000012,OK,80,35,2,0%,100%,100%,Only 0% of holdings have fair_value
0000216851-06-000041,OK,80,62,21,0%,100%,100%,Only 0% of holdings have fair_value
0000216851-08-000043,OK,80,47,6,0%,100%,100%,Only 0% of holdings have fair_value
0000351786-03-000010,OK,80,14,1,0%,100%,100%,Only 0% of holdings have fair_value
0000855887-03-000006,OK,80,115,44,0%,100%,100%,Only 0% of holdings have fair_value
0000860489-03-000011,OK,80,51,13,0%,100%,100%,Only 0% of holdings have fair_value
0000866095-05-000001,OK,80,85,53,0%,100%,94%,Only 0% of holdings have fair_value
0000866095-05-000006,OK,80,92,20,0%,100%,100%,Only 0% of holdings have fair_value
0000891804-05-001678,OK,80,37,10,0%,100%,100%,Only 0% of holdings have fair_value
0000891804-05-003592,OK,80,37,10,0%,100%,100%,Only 0% of holdings have fair_value
0000891804-06-001896,OK,80,30,26,0%,100%,100%,Only 0% of holdings have fair_value
0000891804-06-003725,OK,80,35,27,0%,100%,100%,Only 0% of holdings have fair_value
0000891804-07-001642,OK,80,33,44,0%,100%,100%,Only 0% of holdings have fair_value
0000891804-07-003427,OK,80,35,13,0%,100%,100%,Only 0% of holdings have fair_value
0000891804-08-000784,OK,80,47,6,0%,100%,100%,Only 0% of holdings have fair_value
0000891804-08-001684,OK,80,34,9,0%,100%,100%,Only 0% of holdings have fair_value
0000891804-08-002763,OK,80,51,20,0%,100%,100%,Only 0% of holdings have fair_value
0000891804-09-003114,OK,80,58,8,0%,100%,100%,Only 0% of holdings have fair_value
0000897204-06-000094,OK,80,102,55,0%,100%,100%,Only 0% of holdings have fair_value
0000900092-07-000471,OK,80,77,52,0%,100%,100%,Only 0% of holdings have fair_value
04549392-4341-475f-bd16-d643154b5613,OK,80,102,55,0%,100%,100%,Only 0% of holdings have fair_value
1479b007-fc32-4507-9684-d963d83a1570,OK,80,47,6,0%,100%,100%,Only 0% of holdings have fair_value
1557eadf-1e68-453e-b62e-62e121c4e384,OK,80,256,56,0%,100%,100%,Only 0% of holdings have fair_value
157d5469-edc4-4eca-a01e-67d5ad350424,OK,80,10,1,0%,100%,100%,Only 0% of holdings have fair_value
21caf10f-c9a5-466a-a797-662c7a73aaba,OK,80,35,2,0%,100%,100%,Only 0% of holdings have fair_value
278d6a48-49e5-40f3-a004-dabed19860a2,OK,80,51,20,0%,100%,100%,Only 0% of holdings have fair_value
32ebbd94-76b5-4b28-8589-dcba20b35e20,OK,80,65,25,0%,100%,100%,Only 0% of holdings have fair_value
3f58eaf1-187a-4c7e-a4c6-fe1396560776,OK,80,34,9,0%,100%,100%,Only 0% of holdings have fair_value
43bdd799-a878-4810-9fa6-855544e0ee5e,OK,80,14,1,0%,100%,100%,Only 0% of holdings have fair_value
49b73254-368a-443f-a2dd-4a6b854bf052,OK,80,119,52,0%,100%,100%,Only 0% of holdings have fair_value
4c591cee-6446-4320-b23c-b2a1ee2b73af,OK,80,125,74,0%,100%,100%,Only 0% of holdings have fair_value
544fac3b-0788-41c8-ba7c-e156cea93210,OK,80,35,13,0%,100%,100%,Only 0% of holdings have fair_value
58d65f9b-9dea-4b40-9d93-4be5ff481dd8,OK,80,139,12,0%,100%,100%,Only 0% of holdings have fair_value
59111587-005a-4c6f-b0b4-165fc6b963cd,OK,80,1,39,0%,100%,100%,Only 0% of holdings have fair_value
5c3daa6f-dd44-4bba-856e-c91152323e77,OK,80,63,54,0%,100%,100%,Only 0% of holdings have fair_value
6006e193-9603-491f-82a2-239719f26497,OK,80,85,25,0%,100%,100%,Only 0% of holdings have fair_value
7072ad02-b0e9-4ba5-9936-e61de386bddf,OK,80,216,88,0%,100%,100%,Only 0% of holdings have fair_value
766c30b5-b428-47ef-9330-5718718caa8a,OK,80,92,20,0%,100%,100%,Only 0% of holdings have fair_value
7aa49ba1-1079-4e48-9aae-e5adfc3b44bf,OK,80,30,26,0%,100%,100%,Only 0% of holdings have fair_value
82ef01ff-5901-49f0-8515-5dadff88a8a5,OK,80,77,52,0%,100%,100%,Only 0% of holdings have fair_value
8b55a477-5492-4f73-89ff-2c9573762ee1,OK,80,270,51,0%,100%,100%,Only 0% of holdings have fair_value
8b755848-73ad-4bc5-a64e-c65adfce5f8d,OK,80,94,37,0%,100%,100%,Only 0% of holdings have fair_value
98cbaac6-5836-4189-80f5-71b9a487dc3e,OK,80,62,21,0%,100%,100%,Only 0% of holdings have fair_value
99ecd4a3-fa30-4608-8ead-9696c15d68e7,OK,80,47,6,0%,100%,100%,Only 0% of holdings have fair_value
a1701b87-be89-42cc-875c-5620df13e713,OK,80,91,42,0%,100%,100%,Only 0% of holdings have fair_value
a2ef2a7e-e1d1-494c-8f9b-397b6ca03720,OK,80,37,10,0%,100%,100%,Only 0% of holdings have fair_value
a838afa0-97ed-49bf-915a-1abdb792093b,OK,80,51,13,0%,100%,100%,Only 0% of holdings have fair_value
aeres-2024-03-31,OK,80,157,7,0%,100%,100%,Only 0% of holdings have fair_value
babc0bcd-3b91-44ed-ba3f-50d051358713,OK,80,305,42,0%,100%,100%,Only 0% of holdings have fair_value
bc5bdff0-7741-4987-9566-44ddc1ddd9de,OK,80,33,44,0%,100%,100%,Only 0% of holdings have fair_value
bddcf9d1-8920-48ab-b101-3ef4358dd53d,OK,80,36,6,0%,100%,100%,Only 0% of holdings have fair_value
c0927340-6d61-489f-ae21-61bf710f2f38,OK,80,49,7,0%,100%,100%,Only 0% of holdings have fair_value
c7b19f3f-2f40-40aa-8e8f-03916176725a,OK,80,69,16,0%,100%,100%,Only 0% of holdings have fair_value
c8390d33-b600-4fc6-a653-e88b6bd59927,OK,80,58,8,0%,100%,100%,Only 0% of holdings have fair_value
carlyle-2025-03-31,OK,80,267,56,0%,100%,100%,Only 0% of holdings have fair_value
d1447a97-f175-48ed-968e-e7d3c3df31fb,OK,80,85,53,0%,100%,94%,Only 0% of holdings have fair_value
d14ff58e-ebf2-4643-bc75-5a0708585325,OK,80,90,18,0%,100%,100%,Only 0% of holdings have fair_value
d57072ad-3d8f-4173-98e9-c90689fc0641,OK,80,52,6,0%,100%,100%,Only 0% of holdings have fair_value
dfb3626c-0d0c-44f1-a78d-7284cd7713ff,OK,80,118,29,0%,100%,100%,Only 0% of holdings have fair_value
ed79348f-5331-4ace-be06-d7a78328943f,OK,80,35,27,0%,100%,100%,Only 0% of holdings have fair_value
f2f1d3d6-950c-477d-a7d0-e09c27b6779a,OK,80,37,10,0%,100%,100%,Only 0% of holdings have fair_value
f7acd1ec-7492-43bf-8a00-6f96be62a1bf,OK,80,115,44,0%,100%,100%,Only 0% of holdings have fair_value
f7f7ccaf-4779-4089-9761-d62f9a2308c6,OK,80,65,23,0%,100%,100%,Only 0% of holdings have fair_value
hamilton-lane-2021-09-30,OK,80,45,34,0%,100%,100%,Only 0% of holdings have fair_value
massmutual-2022-03-31,OK,80,40,4,0%,100%,100%,Only 0% of holdings have fair_value
ponoma-2016-09-30,OK,80,30,5,0%,100%,100%,Only 0% of holdings have fair_value
stepstone-2024-09-30,OK,80,299,29,0%,100%,100%,Only 0% of holdings have fair_value
0000828803-06-000009,OK,70,2,0,0%,100%,0%,Only 0% of holdings have fair_value; Only 0% have section categorization
2aca6650-48ca-4bb4-9662-d9bc71c1f470,OK,70,2,0,0%,100%,0%,Only 0% of holdings have fair_value; Only 0% have section categorization
0000002230-05-000033,POOR,25,0,10,0%,0%,0%,No HOLDING rows found; Only 0% of holdings have fair_value; Only 0% of holdings have investment names; Only 0% have section categorization
0000002230-07-000062,POOR,25,0,10,0%,0%,0%,No HOLDING rows found; Only 0% of holdings have fair_value; Only 0% of holdings have investment names; Only 0% have section categorization
0000276776-12-000020,POOR,25,0,0,0%,0%,0%,No HOLDING rows found; Only 0% of holdings have fair_value; Only 0% of holdings have investment names; Only 0% have section categorization
0000828803-10-000008,POOR,25,0,0,0%,0%,0%,No HOLDING rows found; Only 0% of holdings have fair_value; Only 0% of holdings have investment names; Only 0% have section categorization
0000866095-03-000012,POOR,25,0,1,0%,0%,0%,No HOLDING rows found; Only 0% of holdings have fair_value; Only 0% of holdings have investment names; Only 0% have section categorization
0000866095-04-000007,POOR,25,0,1,0%,0%,0%,No HOLDING rows found; Only 0% of holdings have fair_value; Only 0% of holdings have investment names; Only 0% have section categorization
0000891804-09-000813,POOR,25,0,2,0%,0%,0%,No HOLDING rows found; Only 0% of holdings have fair_value; Only 0% of holdings have investment names; Only 0% have section categorization
0000891804-10-003548,POOR,25,0,1,0%,0%,0%,No HOLDING rows found; Only 0% of holdings have fair_value; Only 0% of holdings have investment names; Only 0% have section categorization
0000891804-10-003553,POOR,25,0,5,0%,0%,0%,No HOLDING rows found; Only 0% of holdings have fair_value; Only 0% of holdings have investment names; Only 0% have section categorization
1fae636e-c4fb-40b2-ade6-c0f383947375,POOR,25,0,10,0%,0%,0%,No HOLDING rows found; Only 0% of holdings have fair_value; Only 0% of holdings have investment names; Only 0% have section categorization
57e9c0d7-2abc-40d3-ab3c-c8fcf71dfb9e,POOR,25,0,2,0%,0%,0%,No HOLDING rows found; Only 0% of holdings have fair_value; Only 0% of holdings have investment names; Only 0% have section categorization
73ac5233-8db9-4594-818e-df6aaca2d53c,POOR,25,0,1,0%,0%,0%,No HOLDING rows found; Only 0% of holdings have fair_value; Only 0% of holdings have investment names; Only 0% have section categorization
7716399b-b135-48e1-b9ef-ddebc0d1d678,POOR,25,0,0,0%,0%,0%,No HOLDING rows found; Only 0% of holdings have fair_value; Only 0% of holdings have investment names; Only 0% have section categorization
7afad3d1-e4c0-4518-bbbb-f286de4427bd,POOR,25,0,10,0%,0%,0%,No HOLDING rows found; Only 0% of holdings have fair_value; Only 0% of holdings have investment names; Only 0% have section categorization
85db9a81-2270-4d54-a7a9-83f61914b179,POOR,25,0,1,0%,0%,0%,No HOLDING rows found; Only 0% of holdings have fair_value; Only 0% of holdings have investment names; Only 0% have section categorization
cccbc598-8c4d-409e-8e37-9f858ef272fd,POOR,25,0,1,0%,0%,0%,No HOLDING rows found; Only 0% of holdings have fair_value; Only 0% of holdings have investment names; Only 0% have section categorization
d63421ab-6137-4719-bf1e-15b6e8037c30,POOR,25,0,0,0%,0%,0%,No HOLDING rows found; Only 0% of holdings have fair_value; Only 0% of holdings have investment names; Only 0% have section categorization
f6949ed7-cdd3-42f8-9144-b5bd657eea1e,POOR,25,0,5,0%,0%,0%,No HOLDING rows found; Only 0% of holdings have fair_value; Only 0% of holdings have investment names; Only 0% have section categorization
0000002230-04-000031,EMPTY,0,0,0,,,,No soi_rows extracted
0000002230-05-000014,EMPTY,0,0,0,,,,No soi_rows extracted
0000002230-06-000011,EMPTY,0,0,0,,,,No soi_rows extracted
0000002230-07-000025,EMPTY,0,0,0,,,,No soi_rows extracted
0000002230-08-000027,EMPTY,0,0,0,,,,No soi_rows extracted
0000002230-09-000035,EMPTY,0,0,0,,,,No soi_rows extracted
0000009521-03-000006,EMPTY,0,0,0,,,,No soi_rows extracted
0000009521-03-000025,EMPTY,0,0,0,,,,No soi_rows extracted
0000009521-04-000011,EMPTY,0,0,0,,,,No soi_rows extracted
0000009521-04-000022,EMPTY,0,0,0,,,,No soi_rows extracted
0000009521-05-000006,EMPTY,0,0,0,,,,No soi_rows extracted
0000009521-05-000013,EMPTY,0,0,0,,,,No soi_rows extracted
0000009521-06-000013,EMPTY,0,0,0,,,,No soi_rows extracted
0000009521-06-000021,EMPTY,0,0,0,,,,No soi_rows extracted
0000009521-07-000011,EMPTY,0,0,0,,,,No soi_rows extracted
0000009521-07-000020,EMPTY,0,0,0,,,,No soi_rows extracted
0000009521-08-000012,EMPTY,0,0,0,,,,No soi_rows extracted
0000078713-08-000045,EMPTY,0,0,0,,,,No soi_rows extracted
0000078713-10-000003,EMPTY,0,0,0,,,,No soi_rows extracted
0000078713-10-000076,EMPTY,0,0,0,,,,No soi_rows extracted
0000078713-11-000003,EMPTY,0,0,0,,,,No soi_rows extracted
0000078713-11-000073,EMPTY,0,0,0,,,,No soi_rows extracted
0000078713-12-000001,EMPTY,0,0,0,,,,No soi_rows extracted
0000078713-13-000015,EMPTY,0,0,0,,,,No soi_rows extracted
0000078713-13-000099,EMPTY,0,0,0,,,,No soi_rows extracted
0000216851-03-000005,EMPTY,0,0,0,,,,No soi_rows extracted
0000216851-04-000013,EMPTY,0,0,0,,,,No soi_rows extracted
0000216851-05-000016,EMPTY,0,0,0,,,,No soi_rows extracted
0000216851-05-000037,EMPTY,0,0,0,,,,No soi_rows extracted
0000216851-07-000016,EMPTY,0,0,0,,,,No soi_rows extracted
0000216851-07-000037,EMPTY,0,0,0,,,,No soi_rows extracted
0000216851-08-000018,EMPTY,0,0,0,,,,No soi_rows extracted
0000216851-09-000014,EMPTY,0,0,0,,,,No soi_rows extracted
0000276300-04-000018,EMPTY,0,0,0,,,,No soi_rows extracted
0000276300-04-000023,EMPTY,0,0,0,,,,No soi_rows extracted
0000276776-07-000007,EMPTY,0,0,0,,,,No soi_rows extracted
0000276776-15-000006,EMPTY,0,0,0,,,,No soi_rows extracted
0000276776-17-000048,EMPTY,0,0,0,,,,No soi_rows extracted
0000351786-03-000005,EMPTY,0,0,0,,,,No soi_rows extracted
0000818972-03-000008,EMPTY,0,0,0,,,,No soi_rows extracted
0000828803-03-000015,EMPTY,0,0,0,,,,No soi_rows extracted
0000828803-04-000008,EMPTY,0,0,0,,,,No soi_rows extracted
0000828803-04-000019,EMPTY,0,0,0,,,,No soi_rows extracted
0000828803-05-000008,EMPTY,0,0,0,,,,No soi_rows extracted
0000828803-05-000017,EMPTY,0,0,0,,,,No soi_rows extracted
0000828803-06-000017,EMPTY,0,0,0,,,,No soi_rows extracted
0000828803-07-000009,EMPTY,0,0,0,,,,No soi_rows extracted
0000828803-07-000016,EMPTY,0,0,0,,,,No soi_rows extracted
0000828803-08-000010,EMPTY,0,0,0,,,,No soi_rows extracted
0000828803-08-000016,EMPTY,0,0,0,,,,No soi_rows extracted
0000828803-09-000011,EMPTY,0,0,0,,,,No soi_rows extracted
0000828803-09-000018,EMPTY,0,0,0,,,,No soi_rows extracted
0000839122-03-000005,EMPTY,0,0,0,,,,No soi_rows extracted
0000855886-03-000002,EMPTY,0,0,0,,,,No soi_rows extracted
0000855886-04-000001,EMPTY,0,0,0,,,,No soi_rows extracted
0000855887-04-000003,EMPTY,0,0,0,,,,No soi_rows extracted
0000866095-03-000007,EMPTY,0,0,0,,,,No soi_rows extracted
0000891804-03-001497,EMPTY,0,0,0,,,,No soi_rows extracted
0000891804-03-001508,EMPTY,0,0,0,,,,No soi_rows extracted
0000891804-03-002644,EMPTY,0,0,0,,,,No soi_rows extracted
0000891804-04-000026,EMPTY,0,0,0,,,,No soi_rows extracted
0000891804-04-000035,EMPTY,0,0,0,,,,No soi_rows extracted
0000891804-04-001468,EMPTY,0,0,0,,,,No soi_rows extracted
0000891804-04-001475,EMPTY,0,0,0,,,,No soi_rows extracted
0000891804-05-000045,EMPTY,0,0,0,,,,No soi_rows extracted
0000891804-05-000053,EMPTY,0,0,0,,,,No soi_rows extracted
0000891804-05-002010,EMPTY,0,0,0,,,,No soi_rows extracted
0000891804-05-002017,EMPTY,0,0,0,,,,No soi_rows extracted
0000891804-06-000019,EMPTY,0,0,0,,,,No soi_rows extracted
0000891804-06-000026,EMPTY,0,0,0,,,,No soi_rows extracted
0000891804-06-002189,EMPTY,0,0,0,,,,No soi_rows extracted
0000891804-06-002196,EMPTY,0,0,0,,,,No soi_rows extracted
0000891804-07-000012,EMPTY,0,0,0,,,,No soi_rows extracted
0000891804-07-000021,EMPTY,0,0,0,,,,No soi_rows extracted
0000891804-07-001961,EMPTY,0,0,0,,,,No soi_rows extracted
0000891804-07-001968,EMPTY,0,0,0,,,,No soi_rows extracted
0000891804-08-000039,EMPTY,0,0,0,,,,No soi_rows extracted
0000891804-08-000046,EMPTY,0,0,0,,,,No soi_rows extracted
0000891804-08-002037,EMPTY,0,0,0,,,,No soi_rows extracted
0000891804-08-002090,EMPTY,0,0,0,,,,No soi_rows extracted
0000891804-08-002096,EMPTY,0,0,0,,,,No soi_rows extracted
0000891804-09-000034,EMPTY,0,0,0,,,,No soi_rows extracted
0000891804-09-000063,EMPTY,0,0,0,,,,No soi_rows extracted
0000891804-09-000070,EMPTY,0,0,0,,,,No soi_rows extracted
0000891804-09-002330,EMPTY,0,0,0,,,,No soi_rows extracted
0000891804-09-002337,EMPTY,0,0,0,,,,No soi_rows extracted
0000891804-10-000028,EMPTY,0,0,0,,,,No soi_rows extracted
0000891804-10-000053,EMPTY,0,0,0,,,,No soi_rows extracted
0000891804-10-000060,EMPTY,0,0,0,,,,No soi_rows extracted
0000893660-05-000007,EMPTY,0,0,0,,,,No soi_rows extracted
0000898432-03-000610,EMPTY,0,0,0,,,,No soi_rows extracted
0000898432-04-000017,EMPTY,0,0,0,,,,No soi_rows extracted
0000898432-04-000021,EMPTY,0,0,0,,,,No soi_rows extracted
0000898432-04-000588,EMPTY,0,0,0,,,,No soi_rows extracted
0000898432-04-000591,EMPTY,0,0,0,,,,No soi_rows extracted
0000898432-05-000010,EMPTY,0,0,0,,,,No soi_rows extracted
0000898432-05-000013,EMPTY,0,0,0,,,,No soi_rows extracted
0000898432-05-000540,EMPTY,0,0,0,,,,No soi_rows extracted
0000898432-05-000544,EMPTY,0,0,0,,,,No soi_rows extracted
0000898432-06-000017,EMPTY,0,0,0,,,,No soi_rows extracted
0000898432-06-000024,EMPTY,0,0,0,,,,No soi_rows extracted
0000898432-06-000594,EMPTY,0,0,0,,,,No soi_rows extracted
0000898432-06-000597,EMPTY,0,0,0,,,,No soi_rows extracted
0000898432-07-000029,EMPTY,0,0,0,,,,No soi_rows extracted
0000898432-07-000558,EMPTY,0,0,0,,,,No soi_rows extracted
0000898432-07-000561,EMPTY,0,0,0,,,,No soi_rows extracted
0000900092-04-000019,EMPTY,0,0,0,,,,No soi_rows extracted
0000900092-04-000082,EMPTY,0,0,0,,,,No soi_rows extracted
0000900092-04-000238,EMPTY,0,0,0,,,,No soi_rows extracted
0000900092-05-000062,EMPTY,0,0,0,,,,No soi_rows extracted
0000900092-05-000286,EMPTY,0,0,0,,,,No soi_rows extracted
0000900092-05-000408,EMPTY,0,0,0,,,,No soi_rows extracted
0000909012-03-000680,EMPTY,0,0,0,,,,No soi_rows extracted
0000919893-03-000023,EMPTY,0,0,0,,,,No soi_rows extracted
0000919893-04-000004,EMPTY,0,0,0,,,,No soi_rows extracted
0000919893-04-000011,EMPTY,0,0,0,,,,No soi_rows extracted
0000919893-05-000003,EMPTY,0,0,0,,,,No soi_rows extracted
0000919893-05-000037,EMPTY,0,0,0,,,,No soi_rows extracted
0000919893-06-000004,EMPTY,0,0,0,,,,No soi_rows extracted
0000919893-06-000014,EMPTY,0,0,0,,,,No soi_rows extracted
0000919893-07-000004,EMPTY,0,0,0,,,,No soi_rows extracted
0000919893-07-000011,EMPTY,0,0,0,,,,No soi_rows extracted
0000919893-08-000004,EMPTY,0,0,0,,,,No soi_rows extracted
0000919893-08-000014,EMPTY,0,0,0,,,,No soi_rows extracted
0000919893-09-000003,EMPTY,0,0,0,,,,No soi_rows extracted
0000919893-09-000026,EMPTY,0,0,0,,,,No soi_rows extracted
0000919893-10-000004,EMPTY,0,0,0,,,,No soi_rows extracted
0000921023-07-000038,EMPTY,0,0,0,,,,No soi_rows extracted
0000921023-08-000003,EMPTY,0,0,0,,,,No soi_rows extracted
0000921023-09-000025,EMPTY,0,0,0,,,,No soi_rows extracted
0000921023-14-000002,EMPTY,0,0,0,,,,No soi_rows extracted
0000921023-16-000059,EMPTY,0,0,0,,,,No soi_rows extracted
0000921023-17-000002,EMPTY,0,0,0,,,,No soi_rows extracted
006029ed-29f2-44ad-af17-9ce258c16557,EMPTY,0,0,0,,,,No soi_rows extracted
0101a48d-8868-443b-a883-d206a29b39f0,EMPTY,0,0,0,,,,No soi_rows extracted
0106b0c5-ecf5-41a1-a4e6-d43f1ce400c4,EMPTY,0,0,0,,,,No soi_rows extracted
01b10ee0-d847-4ffe-9303-f4c31a2b5d44,EMPTY,0,0,0,,,,No soi_rows extracted
01eafe5c-dd23-4483-86a6-4bb8a0199185,EMPTY,0,0,0,,,,No soi_rows extracted
02a0755a-7d87-44ba-b3df-5fb5f62c7446,EMPTY,0,0,0,,,,No soi_rows extracted
045660db-5ba4-46b9-88cd-121880bfc08e,EMPTY,0,0,0,,,,No soi_rows extracted
04667c36-c7d2-4433-a624-dab4246f5a8d,EMPTY,0,0,0,,,,No soi_rows extracted
04bd5080-6dae-4887-8b84-923e615cbea5,EMPTY,0,0,0,,,,No soi_rows extracted
04d23265-3b9a-47eb-9eb7-1e84f8b6a84e,EMPTY,0,0,0,,,,No soi_rows extracted
04eee071-4b08-4402-8226-bbc247b17232,EMPTY,0,0,0,,,,No soi_rows extracted
056d310b-ce60-4d83-a03b-c826ffdfd7be,EMPTY,0,0,0,,,,No soi_rows extracted
05d85644-2c4f-4cef-90d7-759fb7b63244,EMPTY,0,0,0,,,,No soi_rows extracted
065debd5-7388-46bb-8932-e2f5daae3d3c,EMPTY,0,0,0,,,,No soi_rows extracted
0684fbf9-ea56-48fa-b515-277d6db8782e,EMPTY,0,0,0,,,,No soi_rows extracted
0746b4f7-1aa8-4552-944d-8685aad68067,EMPTY,0,0,0,,,,No soi_rows extracted
0776051f-bde2-44ee-87c9-b1a577a2851c,EMPTY,0,0,0,,,,No soi_rows extracted
07e26c1e-d228-4310-9603-b79d9b914ecb,EMPTY,0,0,0,,,,No soi_rows extracted
08544061-d2ba-4035-bc6a-68bed5bc8566,EMPTY,0,0,0,,,,No soi_rows extracted
095a9bb1-5513-4638-93db-883bf47f0621,EMPTY,0,0,0,,,,No soi_rows extracted
0996475b-4c11-4933-bf66-8c321d1ba582,EMPTY,0,0,0,,,,No soi_rows extracted
09fa469e-6ee4-4154-b245-b4406ec4aa43,EMPTY,0,0,0,,,,No soi_rows extracted
0a466909-87df-441f-839e-a7e92df75040,EMPTY,0,0,0,,,,No soi_rows extracted
0a678037-178d-44c8-b00e-239ba63a2e0c,EMPTY,0,0,0,,,,No soi_rows extracted
0b331d7d-c008-47b1-a715-fa0ba61f2df7,EMPTY,0,0,0,,,,No soi_rows extracted
0b5ac1fd-88f2-436c-b0c4-ce5fffe63e05,EMPTY,0,0,0,,,,No soi_rows extracted
0b804752-c306-4d6c-b78c-b133e72110d4,EMPTY,0,0,0,,,,No soi_rows extracted
0c3ef084-8a2a-4e36-854b-8504c85a1e67,EMPTY,0,0,0,,,,No soi_rows extracted
0c5a4b35-ceea-4c10-ad21-1b0e96eedd20,EMPTY,0,0,0,,,,No soi_rows extracted
0e8e495f-7d85-4e9a-bc5c-2b4e5af77efe,EMPTY,0,0,0,,,,No soi_rows extracted
11c31d8d-6a93-4fab-9b72-77aea7a7307b,EMPTY,0,0,0,,,,No soi_rows extracted
1276c505-00bf-4e8a-bcd3-0af56529ad12,EMPTY,0,0,0,,,,No soi_rows extracted
12bcbf0d-450e-4af8-b296-40ead7d15b25,EMPTY,0,0,0,,,,No soi_rows extracted
12fea61b-6630-449a-9984-274789bf9639,EMPTY,0,0,0,,,,No soi_rows extracted
139b7cd9-7263-4f54-930e-8a1d6718e9bc,EMPTY,0,0,0,,,,No soi_rows extracted
144de86e-c855-4bcc-80cc-4cf2c65d76f8,EMPTY,0,0,0,,,,No soi_rows extracted
153efb56-cddb-4b4b-bdbe-08bba85a0818,EMPTY,0,0,0,,,,No soi_rows extracted
158e3762-2109-488d-a813-b2b7fa6f6d23,EMPTY,0,0,0,,,,No soi_rows extracted
16553105-015f-4962-9722-419474d01e84,EMPTY,0,0,0,,,,No soi_rows extracted
165cd8aa-80f1-4356-81a4-d85421ea5a09,EMPTY,0,0,0,,,,No soi_rows extracted
167ef720-e353-4b4b-80a4-dd8ef9679913,EMPTY,0,0,0,,,,No soi_rows extracted
16c72203-cebb-47b5-bdbe-c0d1cbadd14a,EMPTY,0,0,0,,,,No soi_rows extracted
16fe26ac-4b10-4637-b68c-b95cea50959f,EMPTY,0,0,0,,,,No soi_rows extracted
17395967-b2de-4166-83b4-d910d555ab57,EMPTY,0,0,0,,,,No soi_rows extracted
1745fc5b-385f-4d0d-9037-43ce82bf76cd,EMPTY,0,0,0,,,,No soi_rows extracted
17db84b8-3318-40af-97c1-ecdf951d5489,EMPTY,0,0,0,,,,No soi_rows extracted
181f6eed-33c3-4628-8d64-be6b90d59fc4,EMPTY,0,0,0,,,,No soi_rows extracted
18aed12f-41ca-4188-8d34-232bd68c5734,EMPTY,0,0,0,,,,No soi_rows extracted
18e0c6b6-01fc-4a75-a5c2-c225e77f342f,EMPTY,0,0,0,,,,No soi_rows extracted
19229262-5d39-4520-bb83-de9ed6428fe1,EMPTY,0,0,0,,,,No soi_rows extracted
19fbdcaf-ace6-45c9-9268-f74a5e906f57,EMPTY,0,0,0,,,,No soi_rows extracted
1a194445-7d71-4d2e-8ce1-912fd012d28c,EMPTY,0,0,0,,,,No soi_rows extracted
1a1ddc8f-7be9-4630-98ef-c66184ac96b5,EMPTY,0,0,0,,,,No soi_rows extracted
1a7afad9-3bc0-41b2-ad9e-dbdd83cf1c9b,EMPTY,0,0,0,,,,No soi_rows extracted
1aa931a1-a3c0-4ea5-b1f8-6c9e49d97059,EMPTY,0,0,0,,,,No soi_rows extracted
1b50e424-055f-4ecc-813f-b918599e6f9a,EMPTY,0,0,0,,,,No soi_rows extracted
1b908cdf-a51a-473d-91dc-125c3104119b,EMPTY,0,0,0,,,,No soi_rows extracted
1c20e66b-7168-4942-9f9d-01b8f2a56d0d,EMPTY,0,0,0,,,,No soi_rows extracted
1cd06852-4789-414c-aaad-d54addb30ecc,EMPTY,0,0,0,,,,No soi_rows extracted
1d07a20b-627c-48b9-bc42-9d00132934f3,EMPTY,0,0,0,,,,No soi_rows extracted
1df0c30a-1d5c-4512-897e-218881fb2020,EMPTY,0,0,0,,,,No soi_rows extracted
1e742634-8c3a-4530-8f3b-dc18f2dbe8d5,EMPTY,0,0,0,,,,No soi_rows extracted
1ea4da67-8732-4c3b-b025-39afbf9368f4,EMPTY,0,0,0,,,,No soi_rows extracted
1f50d1a1-0031-4a38-9beb-b16683aae756,EMPTY,0,0,0,,,,No soi_rows extracted
2023dc13-ed5f-4e8a-aed2-eb6225d00aa6,EMPTY,0,0,0,,,,No soi_rows extracted
2051a35f-6b95-42af-9f60-6a49365ef312,EMPTY,0,0,0,,,,No soi_rows extracted
2161bb39-b3fb-4c34-a4ce-59a55802ad11,EMPTY,0,0,0,,,,No soi_rows extracted
21e08804-b3af-437d-8f66-5c4ab71ba389,EMPTY,0,0,0,,,,No soi_rows extracted
21fc10bb-47b7-4ea4-95ba-a6ee9a7b5b30,EMPTY,0,0,0,,,,No soi_rows extracted
2279e7ff-e999-44f5-91b4-f53a201d67f5,EMPTY,0,0,0,,,,No soi_rows extracted
23318bac-b069-4e45-aa3c-582f13468894,EMPTY,0,0,0,,,,No soi_rows extracted
242c7cc5-1e9a-4b65-bb0a-0a2d96bd5a8f,EMPTY,0,0,0,,,,No soi_rows extracted
24e2f6b9-f744-4b62-a9b0-43ba0a69eac6,EMPTY,0,0,0,,,,No soi_rows extracted
2684db33-dc14-409b-a6b1-525fbb3d8155,EMPTY,0,0,0,,,,No soi_rows extracted
26e766ff-5fb2-4b97-921a-a4cf66e00fa9,EMPTY,0,0,0,,,,No soi_rows extracted
2703da8f-a0a6-4e4f-ab54-d8876fa57875,EMPTY,0,0,0,,,,No soi_rows extracted
280dc3b2-c3b4-4a18-a2df-7ec2f3f01f85,EMPTY,0,0,0,,,,No soi_rows extracted
283cbea9-41ec-4765-bb12-93863ee22963,EMPTY,0,0,0,,,,No soi_rows extracted
28881fdd-9853-4c72-aa9d-287b4348dabd,EMPTY,0,0,0,,,,No soi_rows extracted
28aa3061-6cfe-42d1-b787-6f21975287e6,EMPTY,0,0,0,,,,No soi_rows extracted
28aacfc9-887b-4690-a07f-7c5394b86338,EMPTY,0,0,0,,,,No soi_rows extracted
28e98250-c604-4411-9bfd-f56c4d865046,EMPTY,0,0,0,,,,No soi_rows extracted
295b8908-404c-4fef-9ff1-a6c8b5f5266d,EMPTY,0,0,0,,,,No soi_rows extracted
29cedcbc-2a91-4dd1-878e-ed2c7501e4bc,EMPTY,0,0,0,,,,No soi_rows extracted
2a4fdde4-192f-404b-810c-38c22d01bacc,EMPTY,0,0,0,,,,No soi_rows extracted
2a91ff79-d043-4e42-806c-7c7afbae29ab,EMPTY,0,0,0,,,,No soi_rows extracted
2ab6d302-f8cd-4e95-b1a2-12b0af72d744,EMPTY,0,0,0,,,,No soi_rows extracted
2c09a7c0-4383-4f98-84c5-a4375efef331,EMPTY,0,0,0,,,,No soi_rows extracted
2fe43140-b306-41a6-aa73-8689cccc7052,EMPTY,0,0,0,,,,No soi_rows extracted
2ff1a2b2-604b-448a-9fdb-89af8ee34f4c,EMPTY,0,0,0,,,,No soi_rows extracted
3018ee6c-9fab-4884-aff3-a9b3bf08783c,EMPTY,0,0,0,,,,No soi_rows extracted
305ade59-251b-4d41-bb94-a810c587e61e,EMPTY,0,0,0,,,,No soi_rows extracted
30fb57ad-802a-4ae6-97b1-e39a82a3dd5c,EMPTY,0,0,0,,,,No soi_rows extracted
3115cbd1-45de-4888-89c2-1460fa9acd80,EMPTY,0,0,0,,,,No soi_rows extracted
31b3780d-49ca-44f9-a2c9-a889f8edb652,EMPTY,0,0,0,,,,No soi_rows extracted
321924f2-41ef-47fa-987a-32765e38b219,EMPTY,0,0,0,,,,No soi_rows extracted
32560907-2c78-41ac-8c24-88530cb83caf,EMPTY,0,0,0,,,,No soi_rows extracted
334c8019-1c18-44be-a49d-6f2e424b4f78,EMPTY,0,0,0,,,,No soi_rows extracted
344555fe-2b55-4512-9189-b8e4606ebbf0,EMPTY,0,0,0,,,,No soi_rows extracted
35644101-2ca9-4da4-82af-6c2764afa3f6,EMPTY,0,0,0,,,,No soi_rows extracted
36a147a2-5f30-4457-8396-9754c5d7140d,EMPTY,0,0,0,,,,No soi_rows extracted
37251907-b779-4ec3-96dd-89a0a1df1de3,EMPTY,0,0,0,,,,No soi_rows extracted
37304581-a07f-4b93-94ab-c57097105f9a,EMPTY,0,0,0,,,,No soi_rows extracted
3759b1f7-bb0c-4ba9-b27c-6f965c29392d,EMPTY,0,0,0,,,,No soi_rows extracted
3782ff6a-8d74-4bf1-9218-3d0ee633d93b,EMPTY,0,0,0,,,,No soi_rows extracted
37b8cf94-a001-42b6-b560-7c0b905228fe,EMPTY,0,0,0,,,,No soi_rows extracted
3863b7c1-8b97-45d2-b8f4-de2df66faee7,EMPTY,0,0,0,,,,No soi_rows extracted
388d1546-dcdb-47c7-9df6-34133caa9868,EMPTY,0,0,0,,,,No soi_rows extracted
38bae33d-ba0a-4821-b567-8cea06d327b2,EMPTY,0,0,0,,,,No soi_rows extracted
392d47c5-7ff1-4185-87ee-ab7641ad932f,EMPTY,0,0,0,,,,No soi_rows extracted
3931f0c5-fbac-4752-9071-897eccd3d9da,EMPTY,0,0,0,,,,No soi_rows extracted
39aa3a45-9052-4ac8-b981-17843ab10324,EMPTY,0,0,0,,,,No soi_rows extracted
39ac5e4d-c195-42a7-9670-229bc79f34e5,EMPTY,0,0,0,,,,No soi_rows extracted
3ad95615-d90b-499c-b4d8-15dbc9edf431,EMPTY,0,0,0,,,,No soi_rows extracted
3d43bad8-a9fa-406d-9e39-364a92daf3ff,EMPTY,0,0,0,,,,No soi_rows extracted
3d97a580-771d-4acd-a60e-2e29f786d175,EMPTY,0,0,0,,,,No soi_rows extracted
3df9f49c-a9ed-48bb-9522-1c7d11be53d1,EMPTY,0,0,0,,,,No soi_rows extracted
3e092859-edaf-44d9-ab43-320bb410972b,EMPTY,0,0,0,,,,No soi_rows extracted
3e8fd672-18f3-4eb0-9b78-7aad8da0d153,EMPTY,0,0,0,,,,No soi_rows extracted
3f231776-fb0f-4e1c-ae25-aa355b0712c0,EMPTY,0,0,0,,,,No soi_rows extracted
3f573b16-15d0-4b28-82c2-a199ede3b34d,EMPTY,0,0,0,,,,No soi_rows extracted
3fad02e7-3dfa-4725-8303-b02955ce895a,EMPTY,0,0,0,,,,No soi_rows extracted
41057af4-c230-479c-a3bf-ec9402d9a258,EMPTY,0,0,0,,,,No soi_rows extracted
413858b7-793c-4286-9694-0b954d00e3d8,EMPTY,0,0,0,,,,No soi_rows extracted
413c8943-a724-4ab5-ad6c-c1f152f07adb,EMPTY,0,0,0,,,,No soi_rows extracted
420bd0ad-b3d3-41ed-bdc0-4a089bb8f9bf,EMPTY,0,0,0,,,,No soi_rows extracted
42fd0b46-79da-45e8-abb3-959d98442819,EMPTY,0,0,0,,,,No soi_rows extracted
431df4d5-f370-4250-9138-f329ef94426a,EMPTY,0,0,0,,,,No soi_rows extracted
433edd4f-4bba-4687-8742-748aae7e0449,EMPTY,0,0,0,,,,No soi_rows extracted
43e2e8cd-21e5-46b0-b6f0-fd028701f666,EMPTY,0,0,0,,,,No soi_rows extracted
44576ed6-1ae3-4ac1-a478-968702331d00,EMPTY,0,0,0,,,,No soi_rows extracted
4489b438-0879-4010-b715-d70de4621798,EMPTY,0,0,0,,,,No soi_rows extracted
4590bcaf-af93-4ca2-96a1-b57cd4b8794e,EMPTY,0,0,0,,,,No soi_rows extracted
45a6d613-34fb-4260-82b7-b90b557a3bbc,EMPTY,0,0,0,,,,No soi_rows extracted
469abb90-d0e6-4f9c-b754-4f29d94541b0,EMPTY,0,0,0,,,,No soi_rows extracted
46efedec-4043-4f25-acdd-34cad323b04b,EMPTY,0,0,0,,,,No soi_rows extracted
476bf9a9-c988-4c52-8fc6-43b47ac942f0,EMPTY,0,0,0,,,,No soi_rows extracted
47fec911-97b2-4211-a9a6-a64d2f1cf8c3,EMPTY,0,0,0,,,,No soi_rows extracted
4805ab26-fde8-4053-99d5-0e8143e1c623,EMPTY,0,0,0,,,,No soi_rows extracted
488e756a-d59e-4304-b9ed-bf302cc83b83,EMPTY,0,0,0,,,,No soi_rows extracted
49f08e99-baac-465e-9caf-1c9f01eaa01d,EMPTY,0,0,0,,,,No soi_rows extracted
4ae378b8-73e4-4def-b6dd-ffee85108fc3,EMPTY,0,0,0,,,,No soi_rows extracted
4be77554-96ec-40a5-a8e4-9f8bcec7d54f,EMPTY,0,0,0,,,,No soi_rows extracted
4c21c0ae-aa96-42eb-a915-467431b562d7,EMPTY,0,0,0,,,,No soi_rows extracted
4c5deffd-b10f-4abf-81e9-deff1389bb07,EMPTY,0,0,0,,,,No soi_rows extracted
4c868796-034b-4aee-838b-e04d72899dc5,EMPTY,0,0,0,,,,No soi_rows extracted
4cf898bc-6403-410e-9084-9d9d63bf71b5,EMPTY,0,0,0,,,,No soi_rows extracted
4d6a3b17-8392-40f5-bb0f-e4e800227b41,EMPTY,0,0,0,,,,No soi_rows extracted
4d6f89a2-98a6-458f-976f-1e9c7e8381de,EMPTY,0,0,0,,,,No soi_rows extracted
4dc2b71b-ee9f-450e-954e-eb01e0383974,EMPTY,0,0,0,,,,No soi_rows extracted
4dc78e70-02d6-4711-b0dc-1559d9761e2a,EMPTY,0,0,0,,,,No soi_rows extracted
4e3f93eb-1756-46a6-a7ef-b4b8bfcf6651,EMPTY,0,0,0,,,,No soi_rows extracted
4e7cbefd-b597-416d-80ed-ac86b709c48d,EMPTY,0,0,0,,,,No soi_rows extracted
4ec318d5-53f5-45eb-84ff-380e19c64aee,EMPTY,0,0,0,,,,No soi_rows extracted
4efc77bf-502b-4c98-9b0a-8e9195d732d9,EMPTY,0,0,0,,,,No soi_rows extracted
4f9de899-d23f-48d7-94e4-84cd1a5fe40b,EMPTY,0,0,0,,,,No soi_rows extracted
4ff558e5-0040-4d5f-880a-79550952ef04,EMPTY,0,0,0,,,,No soi_rows extracted
5039d218-bc05-4d87-bc2a-5650062f8ff9,EMPTY,0,0,0,,,,No soi_rows extracted
50dcb7c0-d61e-4388-af02-84035d0ac18f,EMPTY,0,0,0,,,,No soi_rows extracted
50f0743c-4bde-4109-a2d7-210f1667daeb,EMPTY,0,0,0,,,,No soi_rows extracted
51012ab1-cad3-4244-ae5f-a7ed2ca9a0ec,EMPTY,0,0,0,,,,No soi_rows extracted
5146da24-8164-4126-8494-65bc25e7350f,EMPTY,0,0,0,,,,No soi_rows extracted
51817389-1d51-407b-a365-0be56bb5ceeb,EMPTY,0,0,0,,,,No soi_rows extracted
51a67619-cf02-4ec8-a4cb-f800c6e0b7c4,EMPTY,0,0,0,,,,No soi_rows extracted
51f3b26b-e57d-4829-a1aa-c38508a3c0fc,EMPTY,0,0,0,,,,No soi_rows extracted
5208e4fa-8918-4c19-9fb2-bcb71fa3b19c,EMPTY,0,0,0,,,,No soi_rows extracted
522c420d-c753-42b0-bdef-cc068f1ec65d,EMPTY,0,0,0,,,,No soi_rows extracted
52a009ea-bcc4-4111-a373-314a7c69ac37,EMPTY,0,0,0,,,,No soi_rows extracted
5318bfc4-ed82-4977-872e-1b395a5e91cc,EMPTY,0,0,0,,,,No soi_rows extracted
5349a354-323b-42d9-845f-07c77e0727d3,EMPTY,0,0,0,,,,No soi_rows extracted
53555bb8-c042-49b7-a4ca-019209a01c60,EMPTY,0,0,0,,,,No soi_rows extracted
5393c5c9-7803-40ae-979f-06a8f48dd798,EMPTY,0,0,0,,,,No soi_rows extracted
54743585-99bf-4257-a47b-816f8d986422,EMPTY,0,0,0,,,,No soi_rows extracted
54766225-fc7a-49e5-a504-dc70b2bef0bc,EMPTY,0,0,0,,,,No soi_rows extracted
565eccf0-d792-44e1-957b-9cd153138acd,EMPTY,0,0,0,,,,No soi_rows extracted
572dc018-9580-4b39-9581-d9887b7fe404,EMPTY,0,0,0,,,,No soi_rows extracted
575395f6-dee8-40e9-8f7a-f6d7cde95a08,EMPTY,0,0,0,,,,No soi_rows extracted
58db0b1b-e6ec-489f-ba1e-fe8afb87e963,EMPTY,0,0,0,,,,No soi_rows extracted
59b0f866-dcfd-4e0f-932e-e22e55e697da,EMPTY,0,0,0,,,,No soi_rows extracted
59c68506-1ac1-4b9c-9d1c-3f421a9b256b,EMPTY,0,0,0,,,,No soi_rows extracted
5a4b8d8e-67c8-4ffe-ad24-eb9d4fcaccbb,EMPTY,0,0,0,,,,No soi_rows extracted
5a87badb-a256-4703-86da-c585aeb498e1,EMPTY,0,0,0,,,,No soi_rows extracted
5d163abc-2fc3-4742-aeac-30af44f56322,EMPTY,0,0,0,,,,No soi_rows extracted
5e097b65-a088-48df-a0e9-d18636b8eb5c,EMPTY,0,0,0,,,,No soi_rows extracted
5e131027-f416-422b-9bd9-77d6dbb7542f,EMPTY,0,0,0,,,,No soi_rows extracted
5e36028a-920b-40d5-88cc-cd9ae74fac8a,EMPTY,0,0,0,,,,No soi_rows extracted
5ef3c481-e299-4d09-a717-1147471f206d,EMPTY,0,0,0,,,,No soi_rows extracted
5f48a758-aaa2-48c6-8962-5f4c1ac81877,EMPTY,0,0,0,,,,No soi_rows extracted
60934695-1b2f-48f6-bd07-602ad3f2d3bc,EMPTY,0,0,0,,,,No soi_rows extracted
61059762-3def-4684-aad8-a70103c9e267,EMPTY,0,0,0,,,,No soi_rows extracted
6159403e-dba0-48ab-87ed-32db1a05decd,EMPTY,0,0,0,,,,No soi_rows extracted
624e416b-28ab-4c0a-9e8e-dbba8aaef6c2,EMPTY,0,0,0,,,,No soi_rows extracted
6382d0c1-9adc-4de3-860c-9944148ac79f,EMPTY,0,0,0,,,,No soi_rows extracted
6382f4ab-c948-4853-a93a-185ef661e2e8,EMPTY,0,0,0,,,,No soi_rows extracted
63881890-fc71-42dc-a84a-a1dc26477594,EMPTY,0,0,0,,,,No soi_rows extracted
64035ecc-e92f-4346-95fc-15c01c66a4ac,EMPTY,0,0,0,,,,No soi_rows extracted
661d15c5-1c67-4965-bacb-d5b23e13920a,EMPTY,0,0,0,,,,No soi_rows extracted
683be78a-8326-4707-9fbc-daac2ced3a0c,EMPTY,0,0,0,,,,No soi_rows extracted
6936996a-5e44-44f2-bb6d-4fcfedac7153,EMPTY,0,0,0,,,,No soi_rows extracted
6a7d6a80-a1fd-4622-8ebb-a76c5c143722,EMPTY,0,0,0,,,,No soi_rows extracted
6d663bec-b9b3-4353-ba08-4edec582803a,EMPTY,0,0,0,,,,No soi_rows extracted
71bf27d8-9db2-4434-8c37-033236886c35,EMPTY,0,0,0,,,,No soi_rows extracted
72366b36-bf6a-4307-aab4-414497fa52bb,EMPTY,0,0,0,,,,No soi_rows extracted
74997392-deb1-494c-8066-ac3f1d33d2d8,EMPTY,0,0,0,,,,No soi_rows extracted
74d07783-de11-43b5-b7d5-c8c4d0dac464,EMPTY,0,0,0,,,,No soi_rows extracted
759d45ae-1585-40d7-9cf6-583fc8def8ca,EMPTY,0,0,0,,,,No soi_rows extracted
75f6571e-6f7f-4101-bcba-f6b2ae5c0b37,EMPTY,0,0,0,,,,No soi_rows extracted
760422c7-b8b8-4072-8169-eb3fb9dd5094,EMPTY,0,0,0,,,,No soi_rows extracted
76175986-cc6c-41e4-ba12-fa48c5748f53,EMPTY,0,0,0,,,,No soi_rows extracted
76a92985-d64a-419e-a041-78c8bfcd82cb,EMPTY,0,0,0,,,,No soi_rows extracted
76c0134f-05a6-4840-b747-a2acb0e93a36,EMPTY,0,0,0,,,,No soi_rows extracted
76c34d8b-69e4-478e-8337-231636d053df,EMPTY,0,0,0,,,,No soi_rows extracted
781a9da7-d31d-4c7e-9a07-a43db6464924,EMPTY,0,0,0,,,,No soi_rows extracted
78379007-830b-42fc-8541-5f1d0e1760f2,EMPTY,0,0,0,,,,No soi_rows extracted
7888ba11-510b-4d22-8713-c2b6b3657ae1,EMPTY,0,0,0,,,,No soi_rows extracted
79e52ad4-3a06-4b8b-895c-9003df82c441,EMPTY,0,0,0,,,,No soi_rows extracted
7a28eb79-20de-4b74-86e0-41c0e3d80efe,EMPTY,0,0,0,,,,No soi_rows extracted
7a8610ea-059e-4638-a38b-fb788f431b9d,EMPTY,0,0,0,,,,No soi_rows extracted
7adfd523-ca9e-4565-bf45-122203b44df4,EMPTY,0,0,0,,,,No soi_rows extracted
7b3429cb-87c8-4bec-b4e4-046d65b9a676,EMPTY,0,0,0,,,,No soi_rows extracted
7b45b7f6-90e1-467b-bff6-1ec1d2b1c577,EMPTY,0,0,0,,,,No soi_rows extracted
7b703b0b-12c2-4742-94a3-c44035e3f537,EMPTY,0,0,0,,,,No soi_rows extracted
7b88738d-2431-4d85-810b-45a9c3bfca4c,EMPTY,0,0,0,,,,No soi_rows extracted
7bd0d551-9186-440f-a5e0-192e44a586e2,EMPTY,0,0,0,,,,No soi_rows extracted
7c40f74a-06b2-41ff-9829-4d56ee3e3fa0,EMPTY,0,0,0,,,,No soi_rows extracted
7ca3d31e-bbda-434d-9f82-c4dcf2d6a30e,EMPTY,0,0,0,,,,No soi_rows extracted
7d2175b4-0d1a-4ba9-9dfc-fe36e32f434a,EMPTY,0,0,0,,,,No soi_rows extracted
7d8effff-817f-4c85-bb24-26bc12c82f51,EMPTY,0,0,0,,,,No soi_rows extracted
7fec7d6d-c9ad-4256-a26f-56ab47b5e4ba,EMPTY,0,0,0,,,,No soi_rows extracted
80435ff8-2a17-4205-8b34-d66adaae3f46,EMPTY,0,0,0,,,,No soi_rows extracted
80681d03-1e63-4b92-ac4e-ff1852c95868,EMPTY,0,0,0,,,,No soi_rows extracted
80c9dd39-332c-4407-a01a-9747737975c7,EMPTY,0,0,0,,,,No soi_rows extracted
81782cb3-a80f-489c-a302-800be3cf1700,EMPTY,0,0,0,,,,No soi_rows extracted
81f8f6fe-7e09-462c-8a98-e5fd4d23de73,EMPTY,0,0,0,,,,No soi_rows extracted
82042c25-f7ee-4b35-a6b1-041081976a4f,EMPTY,0,0,0,,,,No soi_rows extracted
8305a106-f12e-44f7-8448-b53cec954697,EMPTY,0,0,0,,,,No soi_rows extracted
83463460-5b73-4a3f-8e4f-0df5bfce76bd,EMPTY,0,0,0,,,,No soi_rows extracted
843d139a-4c27-4f3a-8baa-c19402ebc4e3,EMPTY,0,0,0,,,,No soi_rows extracted
84825226-11b2-4679-8283-1b2af4b86d60,EMPTY,0,0,0,,,,No soi_rows extracted
859c1eb0-cb5f-488b-8ede-bd0f5490b4dc,EMPTY,0,0,0,,,,No soi_rows extracted
86bffde0-2c8d-4713-bd37-b07ff9fa776c,EMPTY,0,0,0,,,,No soi_rows extracted
86c03e85-3526-4fbc-8695-24a89c74cd40,EMPTY,0,0,0,,,,No soi_rows extracted
872e5985-ce8b-43fb-9359-ed156c9cddde,EMPTY,0,0,0,,,,No soi_rows extracted
87c262da-2c57-49c5-8507-d2b0e38ea381,EMPTY,0,0,0,,,,No soi_rows extracted
887e534d-c3b7-4231-83f5-346b1d23d880,EMPTY,0,0,0,,,,No soi_rows extracted
88bf08b0-154b-4cb6-839b-00d2d56f73a3,EMPTY,0,0,0,,,,No soi_rows extracted
88fbcbe4-8419-4c9b-a3d5-29ca542c917f,EMPTY,0,0,0,,,,No soi_rows extracted
89cf7a5f-078e-4591-bf5a-cc61ddf24024,EMPTY,0,0,0,,,,No soi_rows extracted
89f6a173-b676-4881-ba33-237af2610465,EMPTY,0,0,0,,,,No soi_rows extracted
8a293b8c-4e46-4290-a774-0d78ccb26202,EMPTY,0,0,0,,,,No soi_rows extracted
8a4999ba-968f-43d9-b062-754b39b36b6a,EMPTY,0,0,0,,,,No soi_rows extracted
8a4e7b59-4ebf-4534-8cf5-749667af681f,EMPTY,0,0,0,,,,No soi_rows extracted
8acf8256-f013-4229-9f63-0793eb89a6a8,EMPTY,0,0,0,,,,No soi_rows extracted
8adbd49d-5f1f-402e-a199-0a7f8397d461,EMPTY,0,0,0,,,,No soi_rows extracted
8b50e4ec-0aa3-4441-b56a-84b003e0a3c9,EMPTY,0,0,0,,,,No soi_rows extracted
8b62c1fd-cbba-422a-8170-5884979e2583,EMPTY,0,0,0,,,,No soi_rows extracted
8b9c41d8-fe44-4db6-9a7b-011642702889,EMPTY,0,0,0,,,,No soi_rows extracted
8c03e142-1463-4624-ba54-d0996f07625e,EMPTY,0,0,0,,,,No soi_rows extracted
8c7484c6-1c1b-422a-8e96-bb0c0595731d,EMPTY,0,0,0,,,,No soi_rows extracted
8cc08ff7-3db7-457d-8da5-79df6a19701a,EMPTY,0,0,0,,,,No soi_rows extracted
8d777b7a-afa0-425a-87c0-c792aa626ff6,EMPTY,0,0,0,,,,No soi_rows extracted
8e2c9b3a-6994-4279-a9df-ee42cac09a51,EMPTY,0,0,0,,,,No soi_rows extracted
8ea720fb-2eab-426d-abde-6aa67a012b06,EMPTY,0,0,0,,,,No soi_rows extracted
8f21c166-8879-40b8-80f4-4f96288d8dff,EMPTY,0,0,0,,,,No soi_rows extracted
8fff16c0-3e37-4b74-be08-4c826381856e,EMPTY,0,0,0,,,,No soi_rows extracted
90078f08-202e-4f78-a663-f6951b42c014,EMPTY,0,0,0,,,,No soi_rows extracted
91103b5c-6a97-4ed4-8157-59e68b37c1b1,EMPTY,0,0,0,,,,No soi_rows extracted
91c6d03a-c146-4e73-ae4b-274d949817e0,EMPTY,0,0,0,,,,No soi_rows extracted
91f851ef-ab91-4267-8df6-fc7c23674de9,EMPTY,0,0,0,,,,No soi_rows extracted
923c717f-c1d5-4b24-950e-930e9299d4bb,EMPTY,0,0,0,,,,No soi_rows extracted
927641d1-75ec-47b5-9fa9-820e0f11a051,EMPTY,0,0,0,,,,No soi_rows extracted
92bb0346-ca73-41ee-b852-434d7c5ce9b4,EMPTY,0,0,0,,,,No soi_rows extracted
943443b8-4e8b-43f7-bcb5-425d50d3e651,EMPTY,0,0,0,,,,No soi_rows extracted
9510edc5-e25f-4292-b003-3b037ad66049,EMPTY,0,0,0,,,,No soi_rows extracted
95543818-8510-436b-9c07-e58c9f83b970,EMPTY,0,0,0,,,,No soi_rows extracted
96d23c78-4aba-498e-823c-ecb01cb8d53b,EMPTY,0,0,0,,,,No soi_rows extracted
96dc9670-689f-4e91-a36e-0bd8621b6969,EMPTY,0,0,0,,,,No soi_rows extracted
96ec2dde-7da7-4a7b-a169-c8588ad23c79,EMPTY,0,0,0,,,,No soi_rows extracted
9915518f-86b9-4d05-a43c-0e8d906ed428,EMPTY,0,0,0,,,,No soi_rows extracted
99838ea3-6d96-4e73-963f-4d7102c35cec,EMPTY,0,0,0,,,,No soi_rows extracted
99c42a27-ae0b-463c-95e3-d5f31b08b5cb,EMPTY,0,0,0,,,,No soi_rows extracted
99f2f055-9e3b-46f9-acd0-7dd6c6cc27b3,EMPTY,0,0,0,,,,No soi_rows extracted
9a64b2ca-df9f-46fc-af05-88b5f42667f3,EMPTY,0,0,0,,,,No soi_rows extracted
9dc6600d-6948-42e2-89cc-ab07f54e52c9,EMPTY,0,0,0,,,,No soi_rows extracted
9e45b4ad-65e0-4f78-b5e8-36091b18ef01,EMPTY,0,0,0,,,,No soi_rows extracted
9eb15316-2851-4049-b7e2-b3c609c5a4c7,EMPTY,0,0,0,,,,No soi_rows extracted
9f22bcf8-d307-4e78-851d-4c0e3fb883b2,EMPTY,0,0,0,,,,No soi_rows extracted
9f7f27d2-d9cd-4fc3-b96e-1ab133e5d216,EMPTY,0,0,0,,,,No soi_rows extracted
a024b34a-3583-4df0-a348-900251f29747,EMPTY,0,0,0,,,,No soi_rows extracted
a029e437-71c9-4506-a555-a78012d18359,EMPTY,0,0,0,,,,No soi_rows extracted
a04e8a59-17a5-4ee7-83be-7c4859f697ae,EMPTY,0,0,0,,,,No soi_rows extracted
a052d9a1-546a-469d-ace4-5ce0910eef78,EMPTY,0,0,0,,,,No soi_rows extracted
a0ed590b-47b4-405e-aed3-467504593a58,EMPTY,0,0,0,,,,No soi_rows extracted
a10bbb8b-ac78-4e18-bb61-e481a7d2daf1,EMPTY,0,0,0,,,,No soi_rows extracted
a2dbce09-002c-40a5-b3a7-c77fc3dc2bc6,EMPTY,0,0,0,,,,No soi_rows extracted
a2f2056f-55a9-49e1-960b-3798a8643ff9,EMPTY,0,0,0,,,,No soi_rows extracted
a335ebb1-8b4f-4fa2-baee-cf80b5b9ada6,EMPTY,0,0,0,,,,No soi_rows extracted
a3c78e87-6dd7-4c63-a002-d9ac7467507e,EMPTY,0,0,0,,,,No soi_rows extracted
a3e554a0-cf82-436a-a990-72d0daa42e67,EMPTY,0,0,0,,,,No soi_rows extracted
a4503981-ee22-4ab3-bae2-0c09031790b0,EMPTY,0,0,0,,,,No soi_rows extracted
a5565a16-bf69-477a-85c9-486e92d0d6da,EMPTY,0,0,0,,,,No soi_rows extracted
a6881979-e0b7-4344-9154-adebee0becda,EMPTY,0,0,0,,,,No soi_rows extracted
a68dd702-1c9d-4041-ad8b-2ee552961f99,EMPTY,0,0,0,,,,No soi_rows extracted
a7160672-5b6e-44af-855e-2c6dd50d4fd3,EMPTY,0,0,0,,,,No soi_rows extracted
a852654a-788d-466c-ad4b-39c8e6568d35,EMPTY,0,0,0,,,,No soi_rows extracted
a8711346-c941-4dcc-82d6-13cb084b576b,EMPTY,0,0,0,,,,No soi_rows extracted
a8c02c90-747d-467f-89f4-aaee6dfe0e5e,EMPTY,0,0,0,,,,No soi_rows extracted
a998c837-7101-40b6-8fa2-078c514f44ef,EMPTY,0,0,0,,,,No soi_rows extracted
aa68b765-2b9e-4e0f-a377-9742363b1928,EMPTY,0,0,0,,,,No soi_rows extracted
aaaa879e-1f3c-4c06-90e3-e4ebc6cb16df,EMPTY,0,0,0,,,,No soi_rows extracted
aae13e31-a938-4335-8f11-84070cde0c6d,EMPTY,0,0,0,,,,No soi_rows extracted
ac5bebf6-407f-4c11-a5f7-b067caa2c04c,EMPTY,0,0,0,,,,No soi_rows extracted
ad50d71d-15c2-497a-9e7c-83f04f81adf9,EMPTY,0,0,0,,,,No soi_rows extracted
ae36e473-5c17-4520-b673-47b11b11a91d,EMPTY,0,0,0,,,,No soi_rows extracted
ae98b8b9-d56e-442d-9435-ce4b8efd808f,EMPTY,0,0,0,,,,No soi_rows extracted
aed0caef-fbc5-4e3c-80db-5189d52066ca,EMPTY,0,0,0,,,,No soi_rows extracted
afb2eb76-bffc-4f28-8298-51fdaf340c39,EMPTY,0,0,0,,,,No soi_rows extracted
afcb56fa-6ca1-41c3-93ab-377a3ccffa59,EMPTY,0,0,0,,,,No soi_rows extracted
b0fe598c-0197-467e-94de-5d626388e2fd,EMPTY,0,0,0,,,,No soi_rows extracted
b16e94de-5efe-4584-a77b-ec2f81b6989b,EMPTY,0,0,0,,,,No soi_rows extracted
b2f32e13-a126-4397-8f09-edda7a38814a,EMPTY,0,0,0,,,,No soi_rows extracted
b3723e6b-31c3-450b-9178-f603856ad4b4,EMPTY,0,0,0,,,,No soi_rows extracted
b42c79af-b583-4405-a319-db2656fcf9f6,EMPTY,0,0,0,,,,No soi_rows extracted
b4bea53a-8804-4e08-a181-d73580d16ddf,EMPTY,0,0,0,,,,No soi_rows extracted
b4ce5b2e-6240-4fae-a9f8-c42b36d932a0,EMPTY,0,0,0,,,,No soi_rows extracted
b4f6f859-a4f7-409d-b389-ce52265a87f2,EMPTY,0,0,0,,,,No soi_rows extracted
b53b86b0-fa79-400c-aae2-690f07777b8c,EMPTY,0,0,0,,,,No soi_rows extracted
b6f4f637-e7ad-4ca6-a442-cc6daf0c78b8,EMPTY,0,0,0,,,,No soi_rows extracted
b8be8923-4747-4429-8cdc-5c2c7df0a00e,EMPTY,0,0,0,,,,No soi_rows extracted
b9b99f54-36ab-4284-9bbd-11c5b3ebb582,EMPTY,0,0,0,,,,No soi_rows extracted
ba53fde9-98ee-43dd-91ff-25da947c45c2,EMPTY,0,0,0,,,,No soi_rows extracted
ba550894-961a-4e96-8164-41ffa2c82125,EMPTY,0,0,0,,,,No soi_rows extracted
ba5f8814-589b-40e1-bcd4-a5187b6d9286,EMPTY,0,0,0,,,,No soi_rows extracted
bb20dfac-c894-4ea6-98e3-df356197e4c3,EMPTY,0,0,0,,,,No soi_rows extracted
bb379ac9-cc43-4411-b060-1a9908021d8b,EMPTY,0,0,0,,,,No soi_rows extracted
bc109acd-bdc0-4279-96d4-435018ec56a1,EMPTY,0,0,0,,,,No soi_rows extracted
bc167675-86be-41e2-894c-0e5bf7e09eca,EMPTY,0,0,0,,,,No soi_rows extracted
bc259635-a97c-4309-ad3a-0ab0791b229f,EMPTY,0,0,0,,,,No soi_rows extracted
bc42a19f-6a57-405a-85e5-4837f35c4ae2,EMPTY,0,0,0,,,,No soi_rows extracted
bca1f5ec-32fc-45bd-b90c-733eaf55b79b,EMPTY,0,0,0,,,,No soi_rows extracted
bce29912-92e0-4024-9ff6-0603094494a8,EMPTY,0,0,0,,,,No soi_rows extracted
bd077a36-4abc-44ef-80ba-ac37e75e2e01,EMPTY,0,0,0,,,,No soi_rows extracted
bd220399-7f52-4db9-8291-89fbf7b85b40,EMPTY,0,0,0,,,,No soi_rows extracted
bde77a6d-8d3e-475f-881f-e1874bc3499c,EMPTY,0,0,0,,,,No soi_rows extracted
be8d0716-8f4e-4f56-a0d6-bde54abe471f,EMPTY,0,0,0,,,,No soi_rows extracted
bf378244-8724-4dbc-b67e-6d398c229d8c,EMPTY,0,0,0,,,,No soi_rows extracted
bf44e18e-273b-41f1-8de3-ab07c52ed38e,EMPTY,0,0,0,,,,No soi_rows extracted
bf74f9be-a565-404d-88f3-713b7012547d,EMPTY,0,0,0,,,,No soi_rows extracted
bfa1c4cc-3df1-4135-b13c-a860de130d45,EMPTY,0,0,0,,,,No soi_rows extracted
bfa8a66c-6f1b-4633-b640-5e7f3e8bfcbb,EMPTY,0,0,0,,,,No soi_rows extracted
c046d185-2bfc-4585-83b5-f9bce886f7bc,EMPTY,0,0,0,,,,No soi_rows extracted
c08d9c45-399b-4cc0-ba5b-336102bcc3bd,EMPTY,0,0,0,,,,No soi_rows extracted
c14402fb-b27b-4566-9b3b-72335ebc874f,EMPTY,0,0,0,,,,No soi_rows extracted
c2559c93-9bf5-43ec-bb71-183a68cc9685,EMPTY,0,0,0,,,,No soi_rows extracted
c301f913-9e1c-45e4-8524-484ccd37bbeb,EMPTY,0,0,0,,,,No soi_rows extracted
c339a15f-26b1-4a6b-8107-b93050e497cc,EMPTY,0,0,0,,,,No soi_rows extracted
c3dcb591-05f2-46f6-a430-0410e27cf8ee,EMPTY,0,0,0,,,,No soi_rows extracted
c4088533-a133-457b-b00c-8fbcb25e2a07,EMPTY,0,0,0,,,,No soi_rows extracted
c44a8892-6b2e-417b-b8c5-6ea75acce641,EMPTY,0,0,0,,,,No soi_rows extracted
c530b074-b9fe-4c46-b57b-0ace8f0cd131,EMPTY,0,0,0,,,,No soi_rows extracted
c54e35f7-a8fe-4a34-8ec0-935f8ae9b0eb,EMPTY,0,0,0,,,,No soi_rows extracted
c5d9496b-4691-4757-964d-385de9a8bccf,EMPTY,0,0,0,,,,No soi_rows extracted
c65d40b2-d8b6-40af-88a3-842fcd8bdb00,EMPTY,0,0,0,,,,No soi_rows extracted
c67c81b5-9167-490b-8be9-714b6a978fab,EMPTY,0,0,0,,,,No soi_rows extracted
c7051831-1155-480e-b01c-c45124e5b3cf,EMPTY,0,0,0,,,,No soi_rows extracted
c732a55b-79b0-4e8a-93c7-77fb121cff1c,EMPTY,0,0,0,,,,No soi_rows extracted
c7b75c60-3c18-43e4-bffb-74af2c5dd75f,EMPTY,0,0,0,,,,No soi_rows extracted
c7e3ce6c-0e2d-48a2-8814-60210e91577d,EMPTY,0,0,0,,,,No soi_rows extracted
c8841695-66d2-4568-8a3e-e2ae960be395,EMPTY,0,0,0,,,,No soi_rows extracted
ca440f77-fe1a-42d1-aee2-780660e840d9,EMPTY,0,0,0,,,,No soi_rows extracted
cb4a5cc6-62ae-4d6e-a5a4-23f5791a20b9,EMPTY,0,0,0,,,,No soi_rows extracted
cb8e3890-41ee-4a91-87b5-49f6d2271042,EMPTY,0,0,0,,,,No soi_rows extracted
cc699642-75c7-4b02-921b-f29b65d57a8d,EMPTY,0,0,0,,,,No soi_rows extracted
ccb032dd-bd0c-469b-a04b-097c1f8cdc8f,EMPTY,0,0,0,,,,No soi_rows extracted
cd0ee621-3344-4cf8-ba33-434603870e75,EMPTY,0,0,0,,,,No soi_rows extracted
cd2606e6-a521-46e0-aaab-b7014dd5f30a,EMPTY,0,0,0,,,,No soi_rows extracted
d06de036-181a-48d5-a8ca-12dcb2c05be1,EMPTY,0,0,0,,,,No soi_rows extracted
d0a977bb-0a7f-4eb9-bb9f-7bf7b0c48e44,EMPTY,0,0,0,,,,No soi_rows extracted
d0d6c595-d668-4994-ba68-743a09b1c5b2,EMPTY,0,0,0,,,,No soi_rows extracted
d0dcfd75-414e-484f-a533-472aa217a257,EMPTY,0,0,0,,,,No soi_rows extracted
d11cca55-b1b2-4925-bba6-34eb84d9426b,EMPTY,0,0,0,,,,No soi_rows extracted
d1715598-62cf-46f7-a06d-6d1d784aea31,EMPTY,0,0,0,,,,No soi_rows extracted
d2618a9b-6ec9-491b-b72d-f86153e13122,EMPTY,0,0,0,,,,No soi_rows extracted
d35b1602-92a5-4ec8-af72-bc5931bffebc,EMPTY,0,0,0,,,,No soi_rows extracted
d5fcba06-009a-4596-9ec4-97534624a588,EMPTY,0,0,0,,,,No soi_rows extracted
d6a0b7be-04a3-408e-a29f-6eb8d376c905,EMPTY,0,0,0,,,,No soi_rows extracted
d6dc534b-079e-4fda-bcd0-900dab1c8e02,EMPTY,0,0,0,,,,No soi_rows extracted
d6e302ca-09e3-4f88-ae78-5256de28dce4,EMPTY,0,0,0,,,,No soi_rows extracted
d6fb4de6-dd02-4334-996f-354c45e0b4fa,EMPTY,0,0,0,,,,No soi_rows extracted
d736935a-63cd-40e6-9792-e6449317408d,EMPTY,0,0,0,,,,No soi_rows extracted
d7514477-8880-437e-b18a-07a60a787102,EMPTY,0,0,0,,,,No soi_rows extracted
d79c3b5b-674e-474e-986c-91fef2bbec57,EMPTY,0,0,0,,,,No soi_rows extracted
d853ca5a-ce33-43cf-94ae-7fb4cfcfc940,EMPTY,0,0,0,,,,No soi_rows extracted
d87a1896-d353-46df-85c3-dd6ffb44c921,EMPTY,0,0,0,,,,No soi_rows extracted
d8a53464-fe71-4e6e-8ca8-04823f57571e,EMPTY,0,0,0,,,,No soi_rows extracted
d9df8e50-d816-4d93-95d9-ac2c7e3aaaee,EMPTY,0,0,0,,,,No soi_rows extracted
da65ac26-6a4c-473d-adc0-f6d252a80753,EMPTY,0,0,0,,,,No soi_rows extracted
da867b77-05ef-412b-b8ea-0eebf834d153,EMPTY,0,0,0,,,,No soi_rows extracted
daeb8f96-3c46-428a-ba8c-6b20e6f8745b,EMPTY,0,0,0,,,,No soi_rows extracted
dcfff330-6347-4c80-ab12-e91ba48100ad,EMPTY,0,0,0,,,,No soi_rows extracted
df46f1f9-e45d-4e25-baa4-6e3f797dc68c,EMPTY,0,0,0,,,,No soi_rows extracted
dfa74783-a0b7-404b-bd93-7ec501d974fc,EMPTY,0,0,0,,,,No soi_rows extracted
dfd65fd4-ccb2-434d-973f-a467cf59e2b4,EMPTY,0,0,0,,,,No soi_rows extracted
e03b9359-6978-4099-bded-4e8db5fcde74,EMPTY,0,0,0,,,,No soi_rows extracted
e079cac2-bccb-4f2c-8637-4f73a5c903d8,EMPTY,0,0,0,,,,No soi_rows extracted
e0815b8a-5199-4622-bf24-87b211e9570e,EMPTY,0,0,0,,,,No soi_rows extracted
e088c3f9-fbf6-4b24-a9f7-8e56810b5c96,EMPTY,0,0,0,,,,No soi_rows extracted
e11d26f3-b573-4f13-9373-4874e9e7433d,EMPTY,0,0,0,,,,No soi_rows extracted
e13572c2-6e8b-4e4b-a067-8a51a6fae2ca,EMPTY,0,0,0,,,,No soi_rows extracted
e15fedda-7da0-4cdf-a108-fb63cba18679,EMPTY,0,0,0,,,,No soi_rows extracted
e1faa918-ec3b-4606-8dee-5d8624e19f21,EMPTY,0,0,0,,,,No soi_rows extracted
e2811a33-1959-4aed-ab44-572230e9a364,EMPTY,0,0,0,,,,No soi_rows extracted
e2c99301-eb73-4b5d-8240-4e11cc0a5309,EMPTY,0,0,0,,,,No soi_rows extracted
e3441a3b-484f-471c-a9f2-ec2d2638a1b4,EMPTY,0,0,0,,,,No soi_rows extracted
e34b18fa-d5ea-404e-a255-9d1d74ac941f,EMPTY,0,0,0,,,,No soi_rows extracted
e410b8ae-652b-425e-b84f-385d15181b2e,EMPTY,0,0,0,,,,No soi_rows extracted
e44143ce-332a-41ef-9360-94065cd156bc,EMPTY,0,0,0,,,,No soi_rows extracted
e51a53e8-5360-4cb9-a20e-92e271cb522b,EMPTY,0,0,0,,,,No soi_rows extracted
e5c21f82-1cf8-4055-bbf1-a2206cd5b07f,EMPTY,0,0,0,,,,No soi_rows extracted
e6eac96a-3a92-452c-aa6a-af2a7de02e55,EMPTY,0,0,0,,,,No soi_rows extracted
e722f382-5c55-47ec-bfdb-a733eef525e4,EMPTY,0,0,0,,,,No soi_rows extracted
e7c62707-0535-421f-9656-f2ae7d5c781c,EMPTY,0,0,0,,,,No soi_rows extracted
e83a33f8-fe23-4bb1-9231-eb00c4d30ed5,EMPTY,0,0,0,,,,No soi_rows extracted
e875a0b4-c743-4d24-bfcf-9fabe994c62c,EMPTY,0,0,0,,,,No soi_rows extracted
e947b157-a9d5-44a5-90dd-401de7efe301,EMPTY,0,0,0,,,,No soi_rows extracted
e9863a1f-5fd7-4907-83d3-8b51d13397b3,EMPTY,0,0,0,,,,No soi_rows extracted
e99f2e26-0a5d-4b1d-9046-1aac4457fbf1,EMPTY,0,0,0,,,,No soi_rows extracted
e9a1f29f-e985-45b0-bde7-86bef1238b78,EMPTY,0,0,0,,,,No soi_rows extracted
e9ed8f56-9a94-4029-968e-8ad73590d5a9,EMPTY,0,0,0,,,,No soi_rows extracted
ea271ed5-b9c2-4cbd-a9c9-0c0ec9602e55,EMPTY,0,0,0,,,,No soi_rows extracted
ea40a06e-48d2-4b4e-badf-9b4b866c8373,EMPTY,0,0,0,,,,No soi_rows extracted
eae4ae27-d808-4f07-bb5f-410c5b0f5269,EMPTY,0,0,0,,,,No soi_rows extracted
eba8fc5a-d2e3-480f-9827-6a959e4c7b2a,EMPTY,0,0,0,,,,No soi_rows extracted
ec7e0d37-7831-4cc3-8d03-275269971b63,EMPTY,0,0,0,,,,No soi_rows extracted
ec8d050b-e201-4fbb-a374-ca99deffda4f,EMPTY,0,0,0,,,,No soi_rows extracted
ec9650de-29c4-4ba4-b1a3-28985e5278ba,EMPTY,0,0,0,,,,No soi_rows extracted
ecf2b6b0-b9cd-462e-8b0f-c8d2c51ea40e,EMPTY,0,0,0,,,,No soi_rows extracted
ef5daccd-415d-420f-9331-b268e6f765d3,EMPTY,0,0,0,,,,No soi_rows extracted
eff2d4bf-a1bf-49d7-8d88-e7df76adcd46,EMPTY,0,0,0,,,,No soi_rows extracted
f0544d3b-3f5c-4cf9-82a0-738768d6ca72,EMPTY,0,0,0,,,,No soi_rows extracted
f0a33755-4828-48f2-87eb-189609bacff6,EMPTY,0,0,0,,,,No soi_rows extracted
f1bb331f-2d28-4ad0-874f-4d806e2fbdec,EMPTY,0,0,0,,,,No soi_rows extracted
f1eb5a8c-bddf-40d1-975f-fe64729b590e,EMPTY,0,0,0,,,,No soi_rows extracted
f33f8b6d-4b9b-4344-b1bf-4bcd59c189f1,EMPTY,0,0,0,,,,No soi_rows extracted
f36a1d58-0196-4ed6-9e2b-ca6a69735c4e,EMPTY,0,0,0,,,,No soi_rows extracted
f409d599-6f8c-4865-bf2a-77b920d077a4,EMPTY,0,0,0,,,,No soi_rows extracted
f4e7f603-6a08-4d43-9d35-8dac211fd987,EMPTY,0,0,0,,,,No soi_rows extracted
f4fcd211-7d7f-4723-a7ef-926c750cb594,EMPTY,0,0,0,,,,No soi_rows extracted
f5eacb62-73d0-4c5d-afd7-995154c9a191,EMPTY,0,0,0,,,,No soi_rows extracted
f6fdcc4b-7888-45d4-9d03-ab8032421165,EMPTY,0,0,0,,,,No soi_rows extracted
f703e1c5-44c6-495d-b2d0-13f88baeb389,EMPTY,0,0,0,,,,No soi_rows extracted
f7431c20-fae5-45a9-8b3f-3d82bdb0db67,EMPTY,0,0,0,,,,No soi_rows extracted
f8bdc9b9-d64a-48dd-849a-d5352bdbf08c,EMPTY,0,0,0,,,,No soi_rows extracted
fa125dcb-1367-4bcd-9ddf-920fa24ff2b0,EMPTY,0,0,0,,,,No soi_rows extracted
faa15e36-d872-40de-b5a7-a04c15a9e306,EMPTY,0,0,0,,,,No soi_rows extracted
fb2b0282-9cee-4704-ba3a-befb18796526,EMPTY,0,0,0,,,,No soi_rows extracted
fc88b062-244d-43b9-8eb2-97957d107fe3,EMPTY,0,0,0,,,,No soi_rows extracted
fc9d0dd6-5fb2-451f-901d-d266590a9542,EMPTY,0,0,0,,,,No soi_rows extracted
fcff78bf-6247-457b-b9fe-9a97a9273882,EMPTY,0,0,0,,,,No soi_rows extracted
fdcc8397-d0a0-41a7-9a68-612ba7476530,EMPTY,0,0,0,,,,No soi_rows extracted
fe4fd67e-2d47-48e4-8c70-1aae93e550a1,EMPTY,0,0,0,,,,No soi_rows extracted
fe6a5d4f-f10f-41dd-9441-61ff1740d9bf,EMPTY,0,0,0,,,,No soi_rows extracted
ff084f90-d3a2-4bd1-bd28-78cef2f4bb58,EMPTY,0,0,0,,,,No soi_rows extracted
ff586291-dfb3-4508-b5ba-5347cb89f08c,EMPTY,0,0,0,,,,No soi_rows extracted
